pid,caption
1731067387385121293,#เสื้อกันหนาวผู้หญิง #เสื้อคลุมผู้หญิง #แฟชั่นหน้าหนาว | #เสื้อกันหนาวแฟชั่น #เสื้อกันหนาวมีฮู้ด #เสื้อคลุมมีฮู้ด | #เสื้อกันหนาวเกาหลี #แฟชั่นผู้หญิง #เสื้อผ้าผู้หญิง
1730417782843476404,#หมอนอิงราคาถูก #หมอนหนุนสบาย #ของใช้ในบ้าน | #หมอนนุ่มมาก #หมอนโรงแรม #หมอนใยสังเคราะห์ | #หมอนคุณภาพดี #หมอนนอนสบาย #หมอนหนุนหลัง
1733647850663740439,#เครื่องโกนหนวดไฟฟ้า #โกนหนวดผู้ชาย #ที่โกนหนวดพกพา | #เครื่องโกนหนวดพกพา #เครื่องโกนหนวดชาร์จUSB #โกนหนวดไร้สาย | #เครื่องโกนหนวดไฟฟ้าราคาถูก #เครื่องโกนหนวดขายดี #ของใช้จำเป็น
1733446081837958196,#ผงซักฟอก #ผงซักฟอกหอม #ผงซักฟอกราคาถูก | #ผงซักฟอกซักสะอาด #ผงซักฟอกผ้านุ่ม #ผงซักฟอกขายดี | #ผงซักฟอกโปรโมชั่น #ผงซักฟอกคุ้มค่า #ของใช้แม่บ้าน
1732280590080640545,#เครื่องปั่นไฟพกพา #เครื่องกำเนิดไฟฟ้าพกพา #เครื่องปั่นไฟอเนกประสงค์ | #เครื่องปั่นไฟเบนซิน #เครื่องปั่นไฟ4จังหวะ #เครื่องปั่นไฟบ้าน | #เครื่องกำเนิดไฟฟ้า #เครื่องปั่นไฟ #เครื่องปั่นไฟฟ้า
1730560796436761259,#ครีมอาบน้ำหอม #เจลอาบน้ำหอม #ครีมอาบน้ำกลิ่นหอม | #เจลอาบน้ำตัวหอม #ครีมอาบน้ำผิวหอม #อาบน้ำหอมติดผิว | #ครีมอาบน้ำกลิ่นฟุ้ง #ครีมอาบน้ำผิวนุ่ม #เจลอาบน้ำฟองเยอะ
1733450107156465012,#ยาสีฟัน #ยาสีฟันราคาถูก #ยาสีฟันแพ็คคุ้ม | #ยาสีฟันมัลติแอคชัน #ยาสีฟันฟลูออไรด์ #ยาสีฟันขายดี | #ยาสีฟันปากสดชื่น #ยาสีฟันฟองนุ่ม #ยาสีฟันคุณภาพ
1733587410864539046,#น้ำยาซักผ้า #น้ำยาซักผ้าหอม #น้ำยาซักผ้าราคาถูก | #น้ำยาซักผ้าขายดี #น้ำยาซักผ้าผ้านุ่ม #น้ำยาซักผ้ากลิ่นหอม | #น้ำยาซักผ้าผ้าไม่อับ #น้ำยาซักผ้าผ้าหอม #ของใช้แม่บ้าน
1731238981034543049,#ลำโพงบลูทูธ #ลำโพงพกพา #ลำโพงไร้สาย | #ลำโพงบลูทูธพกพา #ลำโพงขนาดเล็ก #ลำโพงเสียงดัง | #ลำโพงไร้สายพกพา #ลำโพงใช้ได้ทุกที่ #ลำโพงพกง่าย
1732019805143927134,#ลำโพงคอมพิวเตอร์ #ลำโพงไร้สาย #ลำโพงLED | #ลำโพงบลูทูธ #ลำโพงตั้งโต๊ะ #ลำโพงเล่นเกม | #ลำโพงเสียงดัง #ลำโพงเสียงดี #ลำโพงราคาถูก
1732305758050616963,#กระเป๋าสะพายข้าง #กระเป๋าแฟชั่น #กระเป๋าราคาถูก | #กระเป๋าผู้หญิง #กระเป๋ามินิมอล #กระเป๋าน่ารัก | #กระเป๋าไปเที่ยว #กระเป๋าใช้ทุกวัน #ของมันต้องมี
1731646185688368933,#เครื่องปั่นน้ำผลไม้ #เครื่องปั่น2จุด5ลิตร #เครื่องปั่นราคาถูก | #เครื่องปั่นสมูทตี้ #เครื่องปั่นครัว #เครื่องปั่นอเนกประสงค์ | #เครื่องปั่นน้ำแข็ง #เครื่องปั่นแรง #เครื่องปั่นพลังสูง
1730973304958716736,#ปลอกหมอนลายน่ารัก #ปลอกหมอนราคาถูก #ปลอกหมอนแฟชั่น | #ปลอกหมอนขนาดใหญ่ #ปลอกหมอน18x26 #ปลอกหมอนนุ่มสบาย | #ปลอกหมอนเด็ก #ปลอกหมอนการ์ตูน #ปลอกหมอนห้องนอน
1731126025680817034,#เสื้อแจ็คเก็ตผู้ชาย #เสื้อคลุมผู้ชาย #เสื้อกันหนาว | #เสื้อแจ็คเก็ตแฟชั่น #เสื้อแฟชั่นผู้ชาย #แฟชั่นผู้ชาย | #เสื้อแจ็คเก็ตแขนยาว #เสื้อแขนยาวผู้ชาย #ใส่กันลม
1730069270590621976,#กระเป๋าสไตล์เกาหลี #กระเป๋ามินิมอล #กระเป๋าญี่ปุ่น | #กระเป๋าสะพายข้าง #กระเป๋าวินเทจ #กระเป๋าRetro | #กระเป๋าสะพายไหล่ผู้หญิง #กระเป๋าแฟชั่นราคาดี #กระเป๋าฮิต
1729597598576969903,#เครื่องปั่นสับ #เครื่องบด500วัตต์ #เครื่องปั่นอเนกประสงค์ | #เครื่องปั่นพกพา #เครื่องปั่นครัวเรือน #เครื่องปั่นไฟฟ้า | #เครื่องปั่นสับอาหาร #เครื่องสับไฟฟ้า #เครื่องสับอเนกประสงค์
1730389350597364529,#ที่รองนอนปิคนิค #ที่นอนปิคนิค #ที่นอนพับได้ | ที่รองนอนพื้น #ที่นอนปูพื้น #ที่นอนพกพา | #ที่นอนปิคนิคลายการ์ตูน #ที่นอนเด็ก #ที่นอนครอบครัว
1730415014033328331,#ถังน้ำพลาสติก #ถังน้ำ200ลิตร #ถังน้ำใบใหญ่ | #ถังพลาสติก200ลิตร #ถังเก็บน้ำ #ถังน้ำอุตสาหกรรม | #ถังน้ำสีน้ำเงิน #ถังพลาสติกหนา #ถังน้ำแข็งแรง
1729790917942544603,#กางเกงคาร์โก้ #กางเกงขายาวผู้หญิง #กางเกงแฟชั่น | #กางเกงy2k #แฟชั่นy2k #สายแต่งตัว | #กางเกงคาร์โก้ผู้หญิง #cargoผู้หญิง #กางเกงทรงหลวม
1732180383769266185,#ถังน้ำ150ลิตร #ของใช้ในบ้าน #ของดีบอกต่อ | #FYP #ของใช้ในสวน #ไอเทมบ้านสวน | #เกษตรไทย #ของใช้เกษตร #ของดีราคาถูก | #ขายดีบนTikTok #ของใช้ในชีวิตประจำวัน #ของดีมีคุณภาพ
1732813423664858990,#เสื้อผ้าแฟชั่นผู้หญิง #ชุดไปเที่ยว #ชุดชิคๆ | #แฟชั่นสาวๆ #เสื้อครอปน่ารัก #กางเกงลายเก๋ | #ชุดเซ็ตสุดฮิต #ชุดเที่ยวทะเล #ชุดไปคาเฟ่
1731343047996181479,#จักรยานไฟฟ้า #จักรยานไฟฟ้าราคาถูก #รถไฟฟ้าพับได้ | #รถไฟฟ้าผู้ใหญ่ #จักรยานไฟฟ้า48V #จักรยานพับไฟฟ้า | #จักรยานไฟฟ้า400W #จักรยานไฟฟ้าแรงดี #จักรยานไฟฟ้าคุ้มค่า
1732219371253828569,#กระทะทำอาหาร #กระทะครัวเรือน #กระทะราคาถูก | #กระทะเทฟล่อน #กระทะทอดไข่ดาว #กระทะกันติด | #กระทะไม่ติดกระทะ #กระทะทอดง่าย #ของดีราคาถูก
1729589611307501882,#ท็อปเปอร์นุ่มมาก #ท็อปเปอร์หนา #ที่นอนเสริม | #ท็อปเปอร์รองนอน #ท็อปเปอร์แก้ปวดหลัง #ท็อปเปอร์นอนสบาย | #ที่นอนบนพื้น #รองนอนหนานุ่ม #ท็อปเปอร์พรีเมียม
1730669049807407135,#เสื้อฮู้ดผู้หญิง #เสื้อกันหนาวแฟชั่น #เสื้อฮู้ดเกาหลี | #เสื้อคลุมผู้หญิง #เสื้อกันลมผู้หญิง #เสื้อฮู้ดแฟชั่น | #เสื้อใส่เที่ยว #เสื้อกันหนาวราคาประหยัด #เสื้อคลุมเกาหลี
1730255425167264732,#เครื่องวัดความดัน #วัดความดันดิจิตอล #เครื่องวัดความดันพกพา | #เครื่องวัดความดันผู้สูงอายุ #อุปกรณ์ดูแลสุขภาพ #ของใช้ดูแลตัวเอง | #เครื่องวัดความดันแขน #เครื่องวัดความดันจอใหญ่ #หน้าจอLCD
1729595408900459430,#ผ้าห่มนาโน #ผ้าห่มลายน่ารัก #ผ้าห่มลายการ์ตูน | #ผ้าห่มน้องหมี #ผ้าห่มผู้หญิง #ผ้าห่มลายหมี | #ผ้าห่มนอนสบาย #ผ้าห่มใช้ดี #ผ้าห่มบ้านๆ
1729724353901857671,#กระเป๋าคาดอกผู้ชาย #กระเป๋าคาดเอวเท่ๆ #กระเป๋าผู้ชายราคาดี | #กระเป๋าผู้ชายสะพายข้าง #กระเป๋าหนังผู้ชาย #กระเป๋าคาดอกแฟชั่น | #คาดอกผู้ชายเท่ๆ #กระเป๋าผู้ชายสวยๆ #กระเป๋าคาดอกขายดี
1732171283308512756,#สายยางรดน้ำ #หัวฉีดน้ำแรงดัน #ชุดสายยางพร้อมหัวฉีด | #สายยาง20เมตร #สายยางทนทาน #สายยางยืดหยุ่นดี | #สายยาง4หุน #หัวฉีดน้ำสวนน้ำ #อุปกรณ์ทำสวน
1730364975059995398,#กางเกงขายาวผู้หญิง #กางเกงเอวสูงผู้หญิง #กางเกงขายาวเอวสูง | #กางเกงผ้ายืดผู้หญิง #กางเกงผ้าดีใส่สบาย #กางเกงผู้หญิงราคาถูก | #กางเกงขายาวสไตล์มินิมอล #กางเกงโทนอบอุ่น #แต่งตัวคุมโทน
1729700366524582174,#เสื้อยืดผู้ชาย #เสื้อผู้ชายใส่สบาย #เสื้อผู้ชายราคาดี | #เสื้อยืดคอกลมผู้ชาย #เสื้อผ้าผู้ชายเท่ๆ #เสื้อไซส์ใหญ่ผู้ชาย | #เสื้อผู้ชายผ้านิ่ม #เสื้อยืดผ้านิ่ม #เสื้อผู้ชายขายดี
1732287196849474197,#จักรยานไฟฟ้าพับได้ #จักรยานไฟฟ้าราคาถูก #จักรยานไฟฟ้าใช้งานจริง | #จักรยานไฟฟ้าเดินทาง #จักรยานไฟฟ้าประหยัด #จักรยานไฟฟ้ามอเตอร์แรง | #จักรยานไฟฟ้าล้อใหญ่ #จักรยานไฟฟ้าพกพา #จักรยานไฟฟ้ารุ่นฮิต
1730963655214402464,#ปั้มลมไฟฟ้า #ปั้มลมรถยนต์ #ปั้มลมพกพา | #ปั้มลมเดินทาง #อุปกรณ์ติดรถยนต์ #ของใช้ในรถ | #ปั้มลมราคาถูก #ปั้มลมคุณภาพดี #ปั้มลมแรงดี
1729598231785933052,#เครื่องปั๊มลมรถ #ปั๊มลมไฟฟ้า #ปั๊มลมติดรถ | #ปั๊มลมพกพา #ปั๊มยางรถ #เครื่องเติมลมรถ | #อุปกรณ์รถยนต์ #ของใช้ติดรถ #ไอเทมคนมีรถ
1731121968078883197,#รองเท้ากันลื่น #รองเท้าใส่สบาย #รองเท้าลุยงาน | #รองเท้าใส่ทำงาน #รองเท้าเดินป่าเบาๆ #รองเท้าใช้ง่าย | #รองเท้าลุยสวน #รองเท้าEVA #รองเท้าเตะสวน
1731489140009634192,#รองเท้าใส่นิ่ม #รองเท้าเตะแฟชั่น #รองเท้าผู้หญิงราคาดี | #รองเท้าลำลองผู้หญิง #รองเท้าใส่สบายมาก #รองเท้าพื้นนิ่ม | #รองเท้าสีครีม #รองเท้าแมทช์ง่าย #รองเท้าใส่ได้ทุกวัน
1732092806021940360,#เครื่องตัดผมไร้สาย #ปัตตาเลี่ยนตัดผม #ปัตตาเลี่ยนช่างผม | #ชุดตัดผมที่บ้าน #ตัดผมเองได้ #เครื่องตัดผมผู้ชาย | #เครื่องตัดผมราคาดี #เครื่องตัดผมคุณภาพ #เครื่องตัดผมแรงดี
1732476156673426453,#ไฟฉายแรงสูง #ไฟฉายส่องไกล #ไฟฉายพกพา | #ไฟฉายชาร์จได้ #ไฟฉายกันน้ำ #ไฟฉายใช้งานกลางแจ้ง | #ไฟฉายออกค่าย #ไฟฉายเดินป่า #ไฟฉายเที่ยวป่า
1732095435891181995,#เสื้อผ้าแฟชั่นผู้หญิง #ชุดลำลองผู้หญิง #เสื้อผ้าใส่เที่ยว | #เสื้อสายเดี่ยว #กางเกงขาสั้นผู้หญิง #แฟชั่นวัยรุ่น | #เสื้อผ้าพร้อมส่ง #เสื้อผ้าราคาถูก #แฟชั่นเกาหลี
1731614084519659030,#กระทะไม่ติด #เครื่องครัวคุณภาพ #ครัวไทย | #กระทะเคลือบ #อุปกรณ์ทำอาหาร #ครัวบ้าน | #กระทะทอดไข่ #กระทะทำอาหาร #ครัวเรือน
1729728360430865388,#เครื่องดูดฝุ่น #เครื่องดูดฝุ่นพกพา #ของใช้ในรถ | #เครื่องดูดฝุ่นรถ #ดูแลรถยนต์ #อุปกรณ์รถ | #เครื่องดูดฝุ่นแรง #ดูดฝุ่นรถ #รถสะอาด
1729595408900459430,#ผ้าห่มนาโน #ผ้าห่มน่ารัก #เครื่องนอน | #ผ้าห่มลายการ์ตูน #ผ้าห่มเด็ก #ห้องนอน | #ผ้าห่มขนาดสี่ฟุต #ผ้าห่มเตียง #บ้านน่าอยู่
1732016540999058782,#พัดลมพกพา #พัดลมUSB #พัดลมจิ๋ว | #พัดลมมือถือ #พัดลมพกไปได้ #ของใช้หน้าร้อน | #พัดลมดีไซน์สวย #พัดลมทันสมัย #ไอเทมหน้าร้อน
1729447205677795859,#ปัตตาเลี่ยนตัดผม #ปัตตาเลี่ยนไร้สาย #ตัดผมเอง | #ปัตตาเลี่ยนไฟฟ้า #เครื่องตัดผม #ช่างตัดผม | #ปัตตาเลี่ยนแบตเตอรี่ #อุปกรณ์เสริมสวย #สไตล์ผู้ชาย
1732938771806454826,#รองเท้าผ้าใบผู้ชาย #รองเท้าวิ่งผู้ชาย #รองเท้ากีฬา | #รองเท้าลำลอง #รองเท้าออกกำลังกาย #คนรักสุขภาพ | #รองเท้าระบายอากาศ #รองเท้านุ่ม #ใส่สบาย
1731624946866750673,#โคมไฟLED #ไฟอ่านหนังสือ #ไฟหัวเตียง | #ไฟถนอมสายตา #โคมไฟนอน #อ่านหนังสือสบาย | #โคมไฟดีไซน์สวย #โคมไฟน่ารัก #ไอเทมแต่งบ้าน
1731193885279224885,#เครื่องตัดผมไร้สาย #ปัตตาเลี่ยนชาร์จไฟ #เครื่องตัดผม | #ปัตตาเลี่ยนตัดผม #อุปกรณ์ตัดผม #ที่ตัดผมไฟฟ้า | #ปัตตาเลี่ยนผู้ชาย #ปัตตาเลี่ยนเด็ก #ตัดผมเองที่บ้าน
1732304354996684584,#เก้าอี้นวดไฟฟ้า #เก้าอี้รีไคลเนอร์ #เก้าอี้พักผ่อน | #เก้าอี้โซฟานวด #เก้าอี้สุขภาพ #เก้าอี้เอนได้ | #เก้าอี้นวดราคาถูก #เก้าอี้นวดคุ้มค่า #เก้าอี้นวดบ้าน
1732005996405950067,#เครื่องปั่นไฟ #ปั่นไฟ3000w #เครื่องปั่นไฟราคาถูก | #เครื่องปั่นไฟสนาม #เครื่องปั่นไฟพกพา #ปั่นไฟใช้งานจริง | #เครื่องปั่นไฟสำรอง #ปั่นไฟเสียงเบา #ไฟดับใช้ได้
1729941462941469142,#ที่นอนยางพารา #ที่นอนสุขภาพดี #ที่นอนเด้งสบาย | #ที่นอนคุณภาพดี #ที่นอนนุ่มแน่น #ที่นอนนอนสบาย | #ที่นอนลดราคา #ที่นอนคุ้มค่า #ที่นอนราคาถูก
1731270945686259093,#กางเกงขายาว #กางเกงผู้หญิง #กางเกงทรงตรง | #มินิมอลลุค #คาเฟ่ลุค #แต่งตัวทุกวัน | #กางเกงใส่ทำงาน #กางเกงใส่เที่ยว #กางเกงผ้านิ่ม
1732881250985477369,#รถไฟฟ้า #จักรยานไฟฟ้า #มอเตอร์ไซค์ไฟฟ้า | #รถไฟฟ้า500วัตต์ #รถไฟฟ้า36โวลต์ #รถไฟฟ้า12แอมป์ | #รถไฟฟ้าชาร์จง่าย #รถไฟฟ้านั่งสบาย #รถไฟฟ้าวิ่งลื่น
1731361132225661555,#ปั๊มลมช่าง #ปั๊มลมโรงงาน #ปั๊มลมซ่อมรถ | #ปั๊มลมเสียงเงียบ #ปั๊มลมใช้งานหนัก #ปั๊มลมคุณภาพดี | #ปั๊มลมอเนกประสงค์ #ปั๊มลมแรงดี #ปั๊มลมราคาดี
1732406162864113133,#สกู๊ตเตอร์ไฟฟ้า #สกู๊ตเตอร์ไฟฟ้าพับได้ #สกู๊ตเตอร์ไฟฟ้าราคาถูก | #สกู๊ตเตอร์ไฟฟ้าเด็กผู้ใหญ่ #สกู๊ตเตอร์ไฟฟ้าปรับสปีด #สกู๊ตเตอร์ไฟฟ้า24โวลต์ | #สกู๊ตเตอร์ไฟฟ้าแรงดี #สกู๊ตเตอร์ไฟฟ้ามอเตอร์แรง #สกู๊ตเตอร์ไฟฟ้าเดินทาง
1732570031978939960,#กางเกงวอร์ม #กางเกงขากว้าง #กางเกงฮิปฮอป | #กางเกงลายเท่ #ใส่ง่ายไม่ต้องคิด #จับคู่เสื้ออะไรก็สวย | #แฟชั่นสไตล์สตรีท #ลุคสตรีท #สตรีทแฟชั่น
1732267295967839778,#ลู่วิ่งไฟฟ้า #ลู่วิ่งออกกำลังกาย #ลู่วิ่งผู้ใหญ่ | #ลู่วิ่งปรับชันได้ #ลู่วิ่งปรับสปีดได้ #ลู่วิ่งฟิตเนส | #อุปกรณ์ฟิตเนส #เครื่องออกกำลังกาย #ฟิตเนสที่บ้าน
1732083379033703992,#กางเกงทรงใหญ่ #กางเกงสตรีท #กางเกงผู้หญิงน่ารัก | #กางเกงเต้น #กางเกงฮิปฮอป #แต่งตัวไปเรียน | #กางเกงโคตรใหญ่ #สาวสตรีท #โทนมินิมอล
1729768577742374914,#รองเท้าผ้าใบผู้หญิง #รองเท้าผ้าใบผู้ชาย #รองเท้าสีขาว | #แต่งตัวผู้หญิง #แต่งตัวผู้ชาย #แฟชั่นเกาหลี | #รองเท้าคู่รัก #สไตล์มินิมอล #แต่งตัวไปคาเฟ่
1732281308189393961,#ที่นอนพกพา #ปิคนิค #แต่งบ้านสไตล์มินิมอล | #ห้องมินิมอล #โทนอบอุ่น #นอนสบายทุกวัน | #ที่นอนปิคนิค #ฟูกพกพา #เสื่อปูพื้นนุ่ม
1731354167400893015,#ลำโพงบลูทูธ #ลำโพงพกพา #ของใช้ในบ้าน | #ลำโพงบลูทูธ #ลำโพงเบส #เสียงดังชัด | #ลำโพงพกพา #เปิดได้ทั้งวัน #ต่อบลูทูธง่าย
1731079470132398874,#กางเกงคาโก้ผู้ชาย #กางเกงลายทหารเท่ๆ #กางเกงแนวสตรีท | #กางเกงคาโก้แฟชั่นชาย #กางเกงแนวเท่ #กางเกงลายพรางผู้ชาย | #กางเกงลายทหารแฟชั่น #กางเกงผู้ชายขายดี #กางเกงราคาเบาๆ
1732040558909162671,#กางเกงขากว้าง #กางเกงลายพราง #กางเกงขายาวผู้หญิง | #กางเกงสวยๆราคาถูก #กางเกงสตรีทหญิง #แฟชั่นราคาดี | #แฟชั่นผู้หญิง2025 #กางเกงลายพรางแฟชั่น #แต่งตัวดูผอม
1731919161886870278,#เสื้อผ้าราคาถูก2025 #แฟชั่นถูกและดี #สินค้าปังดันยอดขาย | #กางเกงสาวๆ #มินิมอล #สินค้าปังดันยอดขาย | #กางเกงเท่ๆ #ใส่สบาย #สินค้าปังดันยอดขาย
1732568231656785464,#กางเกงเอวสูง #กางเกงวอร์ม #สไตล์เกาหลี | #กางเกงสวยๆ #กางเกงใส่เที่ยว #กางเกงOversize | #กางเกงวอร์มขากว้าง #แฟชั่นเกาหลี #สินค้าปังดันยอดขาย
1732510987703714877,#กางเกงใส่เล่นบอล #คอนทนต์ปังอัพยอด #กางเกงแฟชั่นผู้ชาย | #เสื้อผ้าแฟชั่นผู้ชาย #แฟชั่นผู้หญิงราคาถูก #ของดีราคาน่ารัก | #เสื้อผ้าราคาส่ง #เสื้อยืดเท่ๆ #กางเกงขาสั้นผู้ชาย #ลุคมินิมอล
1731514891295295175,#กางเกงขาสั้นผู้ชาย #กางเกงสวยๆราคาถูก #กางเกงเที่ยว | #คอนทนต์ปังอัพยอด #กางเกงขาสั้น #กางเกงผู้ชาย | #กางเกงแฟชั่นชาย #กางเกงผู้ชายสวยๆ #กางเกงสีพื้น
1731289478251054360,#กระเป๋าคาดอกผู้ชาย #กระเป๋าใส่ของจุกจิก #คาดอกเท่ๆ | #กระเป๋าคาดอกผู้หญิง #สายคาดอกเท่ๆ #แฟชั่นคาดอก | #กระเป๋าคาดอกกันฝน #กระเป๋าราคาเบาๆ #คาดอกมินิมอล
1730959519362156779,#กางเกงลูกฟูก #กางเกงขากว้างผู้หญิง #กางเกงขายดี | #กางเกงเอวยืด #กางเกงใส่สบาย #ของถูกในติ๊กต่อก | #กางเกงทำงานผู้หญิง #กางเกงชิคๆ #ไอเทมผู้หญิง
1732432090295207738,#ฮู้ดผู้ชาย #เสื้อกันหนาวผู้ชาย #ฮู้ดดี้เท่ๆ | #ฮู้ด oversize ผู้ชาย #เสื้อโอเวอร์ผู้ชาย #ลุคเท่ๆผู้ชาย | #เสื้อกันหนาวหล่อๆ #เสื้อผ้าผู้ชาย #ไอเทมผู้ชาย
1731579068765932249,#เสื้อยืดแฟชั่น #เสื้อลายเกาหลี #เสื้อสตรีทผู้หญิง | #เสื้อoversizeผู้หญิง #เสื้อoversizeผู้ชาย #เสื้อคู่แฟชั่น | #เสื้อแนววินเทจ #เสื้อลำลองผู้หญิง #แต่งตัวง่ายๆ
1731887844990682446,#รองเท้าผู้หญิง #รองเท้าแตะผู้หญิง #รองเท้าใส่ในบ้าน | #รองเท้าแตะแฟชั่น #แตะนุ่มเด้ง #รองเท้าแตะผู้หญิงน่ารัก | #รองเท้าแตะทรงสวย #แตะฟองน้ำ #รองเท้าแตะเบาสบาย
1732016540999058782,#พัดลมมือถือ #พัดลมพกพา #พัดลมมินิ | #พัดลมห้องเรียน #พัดลมพกติดตัว #พัดลมราคาถูก | #พัดลมชาร์จได้ #ของมันต้องมี #ของใช้ประจำวัน
1731375325553854217,#สกู๊ตเตอร์ไฟฟ้า #สกู๊ตเตอร์ผู้ใหญ่ #สกู๊ตเตอร์ราคาถูก | #รถไฟฟ้าพับได้ #สกู๊ตเตอร์พับได้ #สกู๊ตเตอร์ของแท้ | #สกู๊ตเตอร์ประหยัด #สกู๊ตเตอร์คุณภาพดี #รถไฟฟ้าคุ้มค่า
1731399140118398906,#สกู๊ตเตอร์พับได้ #สกู๊ตเตอร์สองล้อ #สกู๊ตเตอร์ราคาถูก | #สกู๊ตเตอร์ไปเรียน #สกู๊ตเตอร์ไปทำงาน #รถเข็นพับได้แบบล้อ | #สกู๊ตเตอร์เดินทาง #ของใช้ผู้ใหญ่ #ของใช้ทั่วไป
1733221825051854155,#สินค้าปังดันยอดขาย #กระเป๋าสวยๆราคาถูก #กระเป๋าเกาหลียอดฮิต | #กระเป๋าสะพายเท่ๆ #กระเป๋าผู้หญิงต้องมี #กระเป๋าทรงเกาหลี | #กระเป๋าผู้หญิงน่ารัก #กระเป๋าแฟชั่นใหม่ๆ #กระเป๋าสไตล์ผู้หญิง
1732479810938962960,#สินค้าปังดันยอดขาย #เครื่องวัดความดันข้อมือ #วัดความดันด่วน | #เครื่องวัดความดันราคาไม่แพง #สุขภาพประจำวัน #ใช้ดีบอกต่อ | #เครื่องวัดความดันข้อมือ #วัดความดันด่วน #เช็คสุขภาพง่าย
1730829037223577632,#สินค้าปังดันยอดขาย #ฮู้ดดี้ผู้ชาย #เสื้อหนาวผู้ชาย | #ฮู้ดดี้ผู้หญิง #เสื้อฮู้ดผู้หญิง #แฟชั่นหน้าหนาว | #เสื้อฮู้ดโอเวอร์ไซส์ #โอเวอร์ไซส์ผู้ชาย #โอเวอร์ไซส์ผู้หญิง
1731028463523564192,#เสื้อฮู้ดราคาส่ง #ฮู้ดดี้ผู้ชายผู้หญิง #ฮู้ดดี้สีดำ | #ฮู้ดดี้แฟชั่น #เสื้อหนาวถูกๆ #เสื้อกันหนาวผู้หญิง | #เสื้อฮู้ดสีดำ #เสื้อคลุมหน้าหนาว #ฮู้ดดี้สตรีท
1729783160659675433,#กางเกงวอร์มผู้หญิง #กางเกงขากว้าง #กางเกงเอวสูง | #กางเกงเกาหลี #กางเกงแฟชั่นผู้หญิง #กางเกงงานดี | #กางเกงทรงสวย #กางเกงผู้หญิงราคาถูก #กางเกงขายดี
1731208869618354548,#เต็นท์แคมป์ปิ้ง #เต็นท์กางออโต้ #เต็นท์เดินป่า | #อุปกรณ์แคมป์ปิ้ง #ของตั้งแคมป์ #แคมป์ปิ้งราคาถูก | #เต็นท์พกพา #เต็นท์ตั้งง่าย #เต็นท์สปริง
1729445079343860219,#รองเท้าผ้าใบราคาถูก #รองเท้าผ้าใบผู้ชาย #รองเท้าผ้าใบผู้หญิง | #รองเท้าแฟชั่นราคาถูก #รองเท้าใส่สบายมาก #รองเท้าวิ่งเบาสบาย | #รองเท้าใส่ทำงาน #รองเท้าเดินทั้งวัน #รองเท้าราคาประหยัด
1733234545600201768,#เสื้อฮู้ดราคาถูก #ฮู้ดกันหนาว #เสื้อแขนยาวผู้ชาย | ฮู้ดสวยๆ #เสื้อกันหนาวผู้ชาย #ฮู้ดใส่สบาย | #เสื้อฮู้ดผู้ใหญ่ #เสื้อฮู้ดเท่ๆ #เสื้อผู้ชายแฟชั่น
1731794064309324744,#เสื้อสเวตเตอร์ผู้ชาย #เสื้อแขนยาวราคาถูก #สเวตเตอร์ลายสวย | #เสื้อกันหนาวลายเท่ #แฟชั่นผู้ชายเกาหลี #เสื้อคลุมสตรีท | #เสื้อผู้ชายใส่เที่ยว #เสื้อแต่งตัวผู้ชาย #เสื้อผู้ชายลำลอง
1731855260328233734,#เสื้อแขนยาวผู้หญิง #เสื้อตัวหลวม #เสื้อสวยราคาถูก | #เสื้อลายทางผู้หญิง #เสื้อแขนยาวเกาหลี #เสื้อใส่สบาย | #เสื้อสไตล์มินิมอล #เสื้อโอเวอร์ไซส์ผู้หญิง #เสื้อใส่เที่ยว
1732663134855267619,#กางเกงลายทหาร #กางเกงแฟชั่นผู้หญิง #กางเกงขายาวผู้หญิง | #กางเกงขากว้างผู้หญิง #กางเกงสไตล์สตรีท #กางเกงเท่ๆผู้หญิง | #กางเกงเอวสูงผู้หญิง #กางเกงทรงหลวมผู้หญิง #กางเกงพรางตัว
1730799244904860260,#เสื้อฮู้ดผู้หญิง #ฮู้ดดี้ผู้หญิง #เสื้อหนาวผู้หญิง | #เสื้อฮู้ดสไตล์เกาหลี #เสื้อคลุมกันหนาว #ฮู้ดแขนยาว | #ฮู้ดโอเวอร์ไซส์ #ฮู้ดเกาหลี #เสื้อสวยราคาถูก
1732081660815639601,#สกู๊ตเตอร์พับได้ #สกู๊ตเตอร์เด็กผู้ใหญ่ #สกู๊ตเตอร์ราคาถูก | #สกู๊ตเตอร์ล้อใหญ่ #สกู๊ตเตอร์ปรับสูงได้ #สกู๊ตเตอร์ใช้ง่าย | #สกู๊ตเตอร์ผู้ใหญ่ #สกู๊ตเตอร์เด็ก #สกู๊ตเตอร์เดินทาง
